{
  "accuracy": 86.31,
  "cv_accuracy_mean": 84.34,
  "cv_accuracy_std": 1.04,
  "precision": 85.1,
  "recall": 86.31,
  "f1_score": 85.0,
  "best_params": {
    "var_smoothing": 1e-12
  },
  "confusion_matrix": [
    [
      7,
      0,
      12
    ],
    [
      0,
      14,
      13
    ],
    [
      4,
      4,
      187
    ]
  ],
  "class_labels": [
    "High",
    "Low",
    "Moderate"
  ],
  "classification_report": {
    "High": {
      "precision": 0.6363636363636364,
      "recall": 0.3684210526315789,
      "f1-score": 0.4666666666666667,
      "support": 19.0
    },
    "Low": {
      "precision": 0.7777777777777778,
      "recall": 0.5185185185185185,
      "f1-score": 0.6222222222222222,
      "support": 27.0
    },
    "Moderate": {
      "precision": 0.8820754716981132,
      "recall": 0.958974358974359,
      "f1-score": 0.918918918918919,
      "support": 195.0
    },
    "accuracy": 0.8630705394190872,
    "macro avg": {
      "precision": 0.7654056286131757,
      "recall": 0.6153046433748188,
      "f1-score": 0.6692692692692693,
      "support": 241.0
    },
    "weighted avg": {
      "precision": 0.851019195319673,
      "recall": 0.8630705394190872,
      "f1-score": 0.8500242981570783,
      "support": 241.0
    }
  }
}